Destination_state,Origin_state,Total migrants employment
State - JAMMU & KASHMIR (01),Total,"122,587"
State - JAMMU & KASHMIR (01),Last residence within India,"120,785"
State - JAMMU & KASHMIR (01),Within the state of enumeration but outside the place of enumeration,"93,158"
State - JAMMU & KASHMIR (01),Elsewhere in the district of enumeration,"51,485"
State - JAMMU & KASHMIR (01),In other districts of the state of enumeration,"41,673"
State - JAMMU & KASHMIR (01),States in India beyond the state of enumeration,"27,627"
State - JAMMU & KASHMIR (01),Jammu & Kashmir,0
State - JAMMU & KASHMIR (01),Himachal Pradesh,726
State - JAMMU & KASHMIR (01),Punjab,"3,804"
State - JAMMU & KASHMIR (01),Chandigarh,88
State - JAMMU & KASHMIR (01),Uttarakhand,447
State - JAMMU & KASHMIR (01),Haryana,627
State - JAMMU & KASHMIR (01),NCT of Delhi,991
State - JAMMU & KASHMIR (01),Rajasthan,971
State - JAMMU & KASHMIR (01),Uttar Pradesh,"4,393"
State - JAMMU & KASHMIR (01),Bihar,"3,452"
State - JAMMU & KASHMIR (01),Sikkim,28
State - JAMMU & KASHMIR (01),Arunachal Pradesh,27
State - JAMMU & KASHMIR (01),Nagaland,14
State - JAMMU & KASHMIR (01),Manipur,17
State - JAMMU & KASHMIR (01),Mizoram,2
State - JAMMU & KASHMIR (01),Tripura,9
State - JAMMU & KASHMIR (01),Meghalaya,10
State - JAMMU & KASHMIR (01),Assam,256
State - JAMMU & KASHMIR (01),West Bengal,"1,334"
State - JAMMU & KASHMIR (01),Jharkhand,691
State - JAMMU & KASHMIR (01),Odisha,610
State - JAMMU & KASHMIR (01),Chhattisgarh,"4,902"
State - JAMMU & KASHMIR (01),Madhya Pradesh,"2,290"
State - JAMMU & KASHMIR (01),Gujarat,214
State - JAMMU & KASHMIR (01),Daman & Diu,1
State - JAMMU & KASHMIR (01),Dadra & Nagar Haveli,1
State - JAMMU & KASHMIR (01),Maharashtra,569
State - JAMMU & KASHMIR (01),Andhra Pradesh,371
State - JAMMU & KASHMIR (01),Karnataka,233
State - JAMMU & KASHMIR (01),Goa,36
State - JAMMU & KASHMIR (01),Lakshadweep,10
State - JAMMU & KASHMIR (01),Kerala,280
State - JAMMU & KASHMIR (01),Tamil Nadu,210
State - JAMMU & KASHMIR (01),Puducherry,2
State - JAMMU & KASHMIR (01),Andaman & Nicobar Islands,11
State - JAMMU & KASHMIR (01),Last residence outside India,"1,757"
State - JAMMU & KASHMIR (01),Countries in Asia beyond India,"1,339"
State - JAMMU & KASHMIR (01),Other Countries,418
State - JAMMU & KASHMIR (01),Unclassifiable,45
State - HIMACHAL PRADESH (02),Total,"296,268"
State - HIMACHAL PRADESH (02),Last residence within India,"268,383"
State - HIMACHAL PRADESH (02),Within the state of enumeration but outside the place of enumeration,"159,190"
State - HIMACHAL PRADESH (02),Elsewhere in the district of enumeration,"93,771"
State - HIMACHAL PRADESH (02),In other districts of the state of enumeration,"65,419"
State - HIMACHAL PRADESH (02),States in India beyond the state of enumeration,"109,193"
State - HIMACHAL PRADESH (02),Jammu & Kashmir,"4,746"
State - HIMACHAL PRADESH (02),Himachal Pradesh,0
State - HIMACHAL PRADESH (02),Punjab,"14,863"
State - HIMACHAL PRADESH (02),Chandigarh,"1,997"
State - HIMACHAL PRADESH (02),Uttarakhand,"5,695"
State - HIMACHAL PRADESH (02),Haryana,"5,152"
State - HIMACHAL PRADESH (02),NCT of Delhi,"3,680"
State - HIMACHAL PRADESH (02),Rajasthan,"2,667"
State - HIMACHAL PRADESH (02),Uttar Pradesh,"28,681"
State - HIMACHAL PRADESH (02),Bihar,"21,064"
State - HIMACHAL PRADESH (02),Sikkim,303
State - HIMACHAL PRADESH (02),Arunachal Pradesh,119
State - HIMACHAL PRADESH (02),Nagaland,30
State - HIMACHAL PRADESH (02),Manipur,54
State - HIMACHAL PRADESH (02),Mizoram,16
State - HIMACHAL PRADESH (02),Tripura,37
State - HIMACHAL PRADESH (02),Meghalaya,32
State - HIMACHAL PRADESH (02),Assam,731
State - HIMACHAL PRADESH (02),West Bengal,"2,554"
State - HIMACHAL PRADESH (02),Jharkhand,"6,592"
State - HIMACHAL PRADESH (02),Odisha,"1,893"
State - HIMACHAL PRADESH (02),Chhattisgarh,"2,500"
State - HIMACHAL PRADESH (02),Madhya Pradesh,"2,570"
State - HIMACHAL PRADESH (02),Gujarat,402
State - HIMACHAL PRADESH (02),Daman & Diu,11
State - HIMACHAL PRADESH (02),Dadra & Nagar Haveli,3
State - HIMACHAL PRADESH (02),Maharashtra,"1,329"
State - HIMACHAL PRADESH (02),Andhra Pradesh,435
State - HIMACHAL PRADESH (02),Karnataka,481
State - HIMACHAL PRADESH (02),Goa,22
State - HIMACHAL PRADESH (02),Lakshadweep,2
State - HIMACHAL PRADESH (02),Kerala,268
State - HIMACHAL PRADESH (02),Tamil Nadu,250
State - HIMACHAL PRADESH (02),Puducherry,4
State - HIMACHAL PRADESH (02),Andaman & Nicobar Islands,10
State - HIMACHAL PRADESH (02),Last residence outside India,"26,934"
State - HIMACHAL PRADESH (02),Countries in Asia beyond India,"26,462"
State - HIMACHAL PRADESH (02),Other Countries,472
State - HIMACHAL PRADESH (02),Unclassifiable,951
State - PUNJAB (03),Total,"1,244,056"
State - PUNJAB (03),Last residence within India,"1,215,179"
State - PUNJAB (03),Within the state of enumeration but outside the place of enumeration,"625,626"
State - PUNJAB (03),Elsewhere in the district of enumeration,"340,520"
State - PUNJAB (03),In other districts of the state of enumeration,"285,106"
State - PUNJAB (03),States in India beyond the state of enumeration,"589,553"
State - PUNJAB (03),Jammu & Kashmir,"9,150"
State - PUNJAB (03),Himachal Pradesh,"36,237"
State - PUNJAB (03),Punjab,0
State - PUNJAB (03),Chandigarh,"14,441"
State - PUNJAB (03),Uttarakhand,"15,056"
State - PUNJAB (03),Haryana,"49,932"
State - PUNJAB (03),NCT of Delhi,"6,126"
State - PUNJAB (03),Rajasthan,"28,663"
State - PUNJAB (03),Uttar Pradesh,"230,996"
State - PUNJAB (03),Bihar,"149,495"
State - PUNJAB (03),Sikkim,73
State - PUNJAB (03),Arunachal Pradesh,59
State - PUNJAB (03),Nagaland,144
State - PUNJAB (03),Manipur,210
State - PUNJAB (03),Mizoram,136
State - PUNJAB (03),Tripura,73
State - PUNJAB (03),Meghalaya,69
State - PUNJAB (03),Assam,"2,272"
State - PUNJAB (03),West Bengal,"11,565"
State - PUNJAB (03),Jharkhand,"8,160"
State - PUNJAB (03),Odisha,"3,672"
State - PUNJAB (03),Chhattisgarh,"3,453"
State - PUNJAB (03),Madhya Pradesh,"7,923"
State - PUNJAB (03),Gujarat,"1,797"
State - PUNJAB (03),Daman & Diu,1
State - PUNJAB (03),Dadra & Nagar Haveli,1
State - PUNJAB (03),Maharashtra,"4,639"
State - PUNJAB (03),Andhra Pradesh,"1,255"
State - PUNJAB (03),Karnataka,730
State - PUNJAB (03),Goa,116
State - PUNJAB (03),Lakshadweep,34
State - PUNJAB (03),Kerala,"1,657"
State - PUNJAB (03),Tamil Nadu,"1,362"
State - PUNJAB (03),Puducherry,24
State - PUNJAB (03),Andaman & Nicobar Islands,32
State - PUNJAB (03),Last residence outside India,"28,635"
State - PUNJAB (03),Countries in Asia beyond India,"25,852"
State - PUNJAB (03),Other Countries,"2,783"
State - PUNJAB (03),Unclassifiable,242
State - CHANDIGARH (04),Total,"206,642"
State - CHANDIGARH (04),Last residence within India,"201,515"
State - CHANDIGARH (04),Within the state of enumeration but outside the place of enumeration,"1,224"
State - CHANDIGARH (04),Elsewhere in the district of enumeration,"1,224"
State - CHANDIGARH (04),In other districts of the state of enumeration,0
State - CHANDIGARH (04),States in India beyond the state of enumeration,"200,291"
State - CHANDIGARH (04),Jammu & Kashmir,"1,510"
State - CHANDIGARH (04),Himachal Pradesh,"20,328"
State - CHANDIGARH (04),Punjab,"33,992"
State - CHANDIGARH (04),Chandigarh,0
State - CHANDIGARH (04),Uttarakhand,"11,602"
State - CHANDIGARH (04),Haryana,"23,039"
State - CHANDIGARH (04),NCT of Delhi,"4,947"
State - CHANDIGARH (04),Rajasthan,"2,550"
State - CHANDIGARH (04),Uttar Pradesh,"67,727"
State - CHANDIGARH (04),Bihar,"24,158"
State - CHANDIGARH (04),Sikkim,25
State - CHANDIGARH (04),Arunachal Pradesh,34
State - CHANDIGARH (04),Nagaland,21
State - CHANDIGARH (04),Manipur,80
State - CHANDIGARH (04),Mizoram,4
State - CHANDIGARH (04),Tripura,18
State - CHANDIGARH (04),Meghalaya,33
State - CHANDIGARH (04),Assam,453
State - CHANDIGARH (04),West Bengal,"2,605"
State - CHANDIGARH (04),Jharkhand,"1,258"
State - CHANDIGARH (04),Odisha,673
State - CHANDIGARH (04),Chhattisgarh,481
State - CHANDIGARH (04),Madhya Pradesh,"1,061"
State - CHANDIGARH (04),Gujarat,492
State - CHANDIGARH (04),Daman & Diu,4
State - CHANDIGARH (04),Dadra & Nagar Haveli,1
State - CHANDIGARH (04),Maharashtra,"1,146"
State - CHANDIGARH (04),Andhra Pradesh,330
State - CHANDIGARH (04),Karnataka,316
State - CHANDIGARH (04),Goa,23
State - CHANDIGARH (04),Lakshadweep,2
State - CHANDIGARH (04),Kerala,298
State - CHANDIGARH (04),Tamil Nadu,"1,056"
State - CHANDIGARH (04),Puducherry,7
State - CHANDIGARH (04),Andaman & Nicobar Islands,17
State - CHANDIGARH (04),Last residence outside India,"5,028"
State - CHANDIGARH (04),Countries in Asia beyond India,"4,709"
State - CHANDIGARH (04),Other Countries,319
State - CHANDIGARH (04),Unclassifiable,99
State - UTTARAKHAND (05),Total,"617,094"
State - UTTARAKHAND (05),Last residence within India,"590,031"
State - UTTARAKHAND (05),Within the state of enumeration but outside the place of enumeration,"298,804"
State - UTTARAKHAND (05),Elsewhere in the district of enumeration,"156,125"
State - UTTARAKHAND (05),In other districts of the state of enumeration,"142,679"
State - UTTARAKHAND (05),States in India beyond the state of enumeration,"291,227"
State - UTTARAKHAND (05),Jammu & Kashmir,"1,479"
State - UTTARAKHAND (05),Himachal Pradesh,"3,488"
State - UTTARAKHAND (05),Punjab,"8,038"
State - UTTARAKHAND (05),Chandigarh,431
State - UTTARAKHAND (05),Uttarakhand,0
State - UTTARAKHAND (05),Haryana,"5,667"
State - UTTARAKHAND (05),NCT of Delhi,"7,994"
State - UTTARAKHAND (05),Rajasthan,"3,729"
State - UTTARAKHAND (05),Uttar Pradesh,"203,460"
State - UTTARAKHAND (05),Bihar,"31,963"
State - UTTARAKHAND (05),Sikkim,109
State - UTTARAKHAND (05),Arunachal Pradesh,189
State - UTTARAKHAND (05),Nagaland,101
State - UTTARAKHAND (05),Manipur,130
State - UTTARAKHAND (05),Mizoram,38
State - UTTARAKHAND (05),Tripura,77
State - UTTARAKHAND (05),Meghalaya,108
State - UTTARAKHAND (05),Assam,"1,325"
State - UTTARAKHAND (05),West Bengal,"6,803"
State - UTTARAKHAND (05),Jharkhand,"5,033"
State - UTTARAKHAND (05),Odisha,"1,236"
State - UTTARAKHAND (05),Chhattisgarh,988
State - UTTARAKHAND (05),Madhya Pradesh,"2,930"
State - UTTARAKHAND (05),Gujarat,"1,078"
State - UTTARAKHAND (05),Daman & Diu,26
State - UTTARAKHAND (05),Dadra & Nagar Haveli,11
State - UTTARAKHAND (05),Maharashtra,"2,287"
State - UTTARAKHAND (05),Andhra Pradesh,751
State - UTTARAKHAND (05),Karnataka,499
State - UTTARAKHAND (05),Goa,50
State - UTTARAKHAND (05),Lakshadweep,4
State - UTTARAKHAND (05),Kerala,662
State - UTTARAKHAND (05),Tamil Nadu,502
State - UTTARAKHAND (05),Puducherry,20
State - UTTARAKHAND (05),Andaman & Nicobar Islands,21
State - UTTARAKHAND (05),Last residence outside India,"26,768"
State - UTTARAKHAND (05),Countries in Asia beyond India,"25,933"
State - UTTARAKHAND (05),Other Countries,835
State - UTTARAKHAND (05),Unclassifiable,295
State - HARYANA (06),Total,"1,333,644"
State - HARYANA (06),Last residence within India,"1,310,022"
State - HARYANA (06),Within the state of enumeration but outside the place of enumeration,"526,686"
State - HARYANA (06),Elsewhere in the district of enumeration,"272,601"
State - HARYANA (06),In other districts of the state of enumeration,"254,085"
State - HARYANA (06),States in India beyond the state of enumeration,"783,336"
State - HARYANA (06),Jammu & Kashmir,"2,795"
State - HARYANA (06),Himachal Pradesh,"11,014"
State - HARYANA (06),Punjab,"61,627"
State - HARYANA (06),Chandigarh,"9,563"
State - HARYANA (06),Uttarakhand,"20,955"
State - HARYANA (06),Haryana,0
State - HARYANA (06),NCT of Delhi,"62,027"
State - HARYANA (06),Rajasthan,"64,896"
State - HARYANA (06),Uttar Pradesh,"301,561"
State - HARYANA (06),Bihar,"157,343"
State - HARYANA (06),Sikkim,105
State - HARYANA (06),Arunachal Pradesh,77
State - HARYANA (06),Nagaland,81
State - HARYANA (06),Manipur,186
State - HARYANA (06),Mizoram,18
State - HARYANA (06),Tripura,127
State - HARYANA (06),Meghalaya,98
State - HARYANA (06),Assam,"3,272"
State - HARYANA (06),West Bengal,"28,953"
State - HARYANA (06),Jharkhand,"8,190"
State - HARYANA (06),Odisha,"6,176"
State - HARYANA (06),Chhattisgarh,"5,483"
State - HARYANA (06),Madhya Pradesh,"18,753"
State - HARYANA (06),Gujarat,"2,557"
State - HARYANA (06),Daman & Diu,14
State - HARYANA (06),Dadra & Nagar Haveli,5
State - HARYANA (06),Maharashtra,"7,093"
State - HARYANA (06),Andhra Pradesh,"2,424"
State - HARYANA (06),Karnataka,"2,469"
State - HARYANA (06),Goa,132
State - HARYANA (06),Lakshadweep,7
State - HARYANA (06),Kerala,"2,840"
State - HARYANA (06),Tamil Nadu,"2,429"
State - HARYANA (06),Puducherry,36
State - HARYANA (06),Andaman & Nicobar Islands,30
State - HARYANA (06),Last residence outside India,"23,369"
State - HARYANA (06),Countries in Asia beyond India,"21,011"
State - HARYANA (06),Other Countries,"2,358"
State - HARYANA (06),Unclassifiable,253
State - NCT OF DELHI (07),Total,"2,029,489"
State - NCT OF DELHI (07),Last residence within India,"1,998,700"
State - NCT OF DELHI (07),Within the state of enumeration but outside the place of enumeration,"64,690"
State - NCT OF DELHI (07),Elsewhere in the district of enumeration,"64,690"
State - NCT OF DELHI (07),In other districts of the state of enumeration,0
State - NCT OF DELHI (07),States in India beyond the state of enumeration,"1,934,010"
State - NCT OF DELHI (07),Jammu & Kashmir,"8,931"
State - NCT OF DELHI (07),Himachal Pradesh,"23,700"
State - NCT OF DELHI (07),Punjab,"52,245"
State - NCT OF DELHI (07),Chandigarh,"1,629"
State - NCT OF DELHI (07),Uttarakhand,"92,874"
State - NCT OF DELHI (07),Haryana,"132,533"
State - NCT OF DELHI (07),NCT of Delhi,0
State - NCT OF DELHI (07),Rajasthan,"86,480"
State - NCT OF DELHI (07),Uttar Pradesh,"902,393"
State - NCT OF DELHI (07),Bihar,"406,410"
State - NCT OF DELHI (07),Sikkim,324
State - NCT OF DELHI (07),Arunachal Pradesh,369
State - NCT OF DELHI (07),Nagaland,593
State - NCT OF DELHI (07),Manipur,"1,943"
State - NCT OF DELHI (07),Mizoram,167
State - NCT OF DELHI (07),Tripura,469
State - NCT OF DELHI (07),Meghalaya,688
State - NCT OF DELHI (07),Assam,"7,647"
State - NCT OF DELHI (07),West Bengal,"62,037"
State - NCT OF DELHI (07),Jharkhand,"25,121"
State - NCT OF DELHI (07),Odisha,"15,192"
State - NCT OF DELHI (07),Chhattisgarh,"4,137"
State - NCT OF DELHI (07),Madhya Pradesh,"40,416"
State - NCT OF DELHI (07),Gujarat,"5,382"
State - NCT OF DELHI (07),Daman & Diu,9
State - NCT OF DELHI (07),Dadra & Nagar Haveli,19
State - NCT OF DELHI (07),Maharashtra,"13,801"
State - NCT OF DELHI (07),Andhra Pradesh,"6,027"
State - NCT OF DELHI (07),Karnataka,"4,139"
State - NCT OF DELHI (07),Goa,291
State - NCT OF DELHI (07),Lakshadweep,37
State - NCT OF DELHI (07),Kerala,"23,341"
State - NCT OF DELHI (07),Tamil Nadu,"14,357"
State - NCT OF DELHI (07),Puducherry,140
State - NCT OF DELHI (07),Andaman & Nicobar Islands,169
State - NCT OF DELHI (07),Last residence outside India,"24,740"
State - NCT OF DELHI (07),Countries in Asia beyond India,"21,866"
State - NCT OF DELHI (07),Other Countries,"2,874"
State - NCT OF DELHI (07),Unclassifiable,"6,049"
State - RAJASTHAN (08),Total,"1,709,602"
State - RAJASTHAN (08),Last residence within India,"1,688,137"
State - RAJASTHAN (08),Within the state of enumeration but outside the place of enumeration,"1,309,317"
State - RAJASTHAN (08),Elsewhere in the district of enumeration,"711,896"
State - RAJASTHAN (08),In other districts of the state of enumeration,"597,421"
State - RAJASTHAN (08),States in India beyond the state of enumeration,"378,820"
State - RAJASTHAN (08),Jammu & Kashmir,"1,594"
State - RAJASTHAN (08),Himachal Pradesh,"1,805"
State - RAJASTHAN (08),Punjab,"32,194"
State - RAJASTHAN (08),Chandigarh,303
State - RAJASTHAN (08),Uttarakhand,"6,012"
State - RAJASTHAN (08),Haryana,"35,809"
State - RAJASTHAN (08),NCT of Delhi,"11,768"
State - RAJASTHAN (08),Rajasthan,0
State - RAJASTHAN (08),Uttar Pradesh,"107,646"
State - RAJASTHAN (08),Bihar,"48,253"
State - RAJASTHAN (08),Sikkim,78
State - RAJASTHAN (08),Arunachal Pradesh,66
State - RAJASTHAN (08),Nagaland,116
State - RAJASTHAN (08),Manipur,110
State - RAJASTHAN (08),Mizoram,203
State - RAJASTHAN (08),Tripura,102
State - RAJASTHAN (08),Meghalaya,598
State - RAJASTHAN (08),Assam,"1,945"
State - RAJASTHAN (08),West Bengal,"22,362"
State - RAJASTHAN (08),Jharkhand,"4,042"
State - RAJASTHAN (08),Odisha,"4,005"
State - RAJASTHAN (08),Chhattisgarh,"2,152"
State - RAJASTHAN (08),Madhya Pradesh,"59,038"
State - RAJASTHAN (08),Gujarat,"16,822"
State - RAJASTHAN (08),Daman & Diu,17
State - RAJASTHAN (08),Dadra & Nagar Haveli,16
State - RAJASTHAN (08),Maharashtra,"9,926"
State - RAJASTHAN (08),Andhra Pradesh,"1,704"
State - RAJASTHAN (08),Karnataka,"1,393"
State - RAJASTHAN (08),Goa,98
State - RAJASTHAN (08),Lakshadweep,18
State - RAJASTHAN (08),Kerala,"6,981"
State - RAJASTHAN (08),Tamil Nadu,"1,608"
State - RAJASTHAN (08),Puducherry,13
State - RAJASTHAN (08),Andaman & Nicobar Islands,23
State - RAJASTHAN (08),Last residence outside India,"16,058"
State - RAJASTHAN (08),Countries in Asia beyond India,"11,124"
State - RAJASTHAN (08),Other Countries,"4,934"
State - RAJASTHAN (08),Unclassifiable,"5,407"
State - UTTAR PRADESH (09),Total,"3,156,125"
State - UTTAR PRADESH (09),Last residence within India,"3,128,813"
State - UTTAR PRADESH (09),Within the state of enumeration but outside the place of enumeration,"2,602,534"
State - UTTAR PRADESH (09),Elsewhere in the district of enumeration,"1,273,131"
State - UTTAR PRADESH (09),In other districts of the state of enumeration,"1,329,403"
State - UTTAR PRADESH (09),States in India beyond the state of enumeration,"526,279"
State - UTTAR PRADESH (09),Jammu & Kashmir,"3,686"
State - UTTAR PRADESH (09),Himachal Pradesh,"3,743"
State - UTTAR PRADESH (09),Punjab,"25,815"
State - UTTAR PRADESH (09),Chandigarh,902
State - UTTAR PRADESH (09),Uttarakhand,"50,775"
State - UTTAR PRADESH (09),Haryana,"20,307"
State - UTTAR PRADESH (09),NCT of Delhi,"79,934"
State - UTTAR PRADESH (09),Rajasthan,"22,439"
State - UTTAR PRADESH (09),Uttar Pradesh,0
State - UTTAR PRADESH (09),Bihar,"160,825"
State - UTTAR PRADESH (09),Sikkim,77
State - UTTAR PRADESH (09),Arunachal Pradesh,127
State - UTTAR PRADESH (09),Nagaland,119
State - UTTAR PRADESH (09),Manipur,152
State - UTTAR PRADESH (09),Mizoram,38
State - UTTAR PRADESH (09),Tripura,131
State - UTTAR PRADESH (09),Meghalaya,189
State - UTTAR PRADESH (09),Assam,"5,259"
State - UTTAR PRADESH (09),West Bengal,"32,288"
State - UTTAR PRADESH (09),Jharkhand,"25,104"
State - UTTAR PRADESH (09),Odisha,"7,303"
State - UTTAR PRADESH (09),Chhattisgarh,"18,985"
State - UTTAR PRADESH (09),Madhya Pradesh,"41,006"
State - UTTAR PRADESH (09),Gujarat,"3,489"
State - UTTAR PRADESH (09),Daman & Diu,12
State - UTTAR PRADESH (09),Dadra & Nagar Haveli,26
State - UTTAR PRADESH (09),Maharashtra,"9,907"
State - UTTAR PRADESH (09),Andhra Pradesh,"2,896"
State - UTTAR PRADESH (09),Karnataka,"2,227"
State - UTTAR PRADESH (09),Goa,135
State - UTTAR PRADESH (09),Lakshadweep,75
State - UTTAR PRADESH (09),Kerala,"5,849"
State - UTTAR PRADESH (09),Tamil Nadu,"2,361"
State - UTTAR PRADESH (09),Puducherry,37
State - UTTAR PRADESH (09),Andaman & Nicobar Islands,61
State - UTTAR PRADESH (09),Last residence outside India,"23,849"
State - UTTAR PRADESH (09),Countries in Asia beyond India,"16,372"
State - UTTAR PRADESH (09),Other Countries,"7,477"
State - UTTAR PRADESH (09),Unclassifiable,"3,463"
State - BIHAR (10),Total,"706,557"
State - BIHAR (10),Last residence within India,"697,829"
State - BIHAR (10),Within the state of enumeration but outside the place of enumeration,"640,674"
State - BIHAR (10),Elsewhere in the district of enumeration,"376,320"
State - BIHAR (10),In other districts of the state of enumeration,"264,354"
State - BIHAR (10),States in India beyond the state of enumeration,"57,155"
State - BIHAR (10),Jammu & Kashmir,358
State - BIHAR (10),Himachal Pradesh,210
State - BIHAR (10),Punjab,"1,416"
State - BIHAR (10),Chandigarh,56
State - BIHAR (10),Uttarakhand,181
State - BIHAR (10),Haryana,662
State - BIHAR (10),NCT of Delhi,"3,575"
State - BIHAR (10),Rajasthan,"1,227"
State - BIHAR (10),Uttar Pradesh,"12,001"
State - BIHAR (10),Bihar,0
State - BIHAR (10),Sikkim,36
State - BIHAR (10),Arunachal Pradesh,59
State - BIHAR (10),Nagaland,59
State - BIHAR (10),Manipur,47
State - BIHAR (10),Mizoram,13
State - BIHAR (10),Tripura,19
State - BIHAR (10),Meghalaya,38
State - BIHAR (10),Assam,"1,188"
State - BIHAR (10),West Bengal,"12,934"
State - BIHAR (10),Jharkhand,"17,585"
State - BIHAR (10),Odisha,620
State - BIHAR (10),Chhattisgarh,201
State - BIHAR (10),Madhya Pradesh,482
State - BIHAR (10),Gujarat,746
State - BIHAR (10),Daman & Diu,4
State - BIHAR (10),Dadra & Nagar Haveli,18
State - BIHAR (10),Maharashtra,"1,921"
State - BIHAR (10),Andhra Pradesh,285
State - BIHAR (10),Karnataka,281
State - BIHAR (10),Goa,13
State - BIHAR (10),Lakshadweep,67
State - BIHAR (10),Kerala,487
State - BIHAR (10),Tamil Nadu,342
State - BIHAR (10),Puducherry,14
State - BIHAR (10),Andaman & Nicobar Islands,10
State - BIHAR (10),Last residence outside India,"8,455"
State - BIHAR (10),Countries in Asia beyond India,"4,790"
State - BIHAR (10),Other Countries,"3,665"
State - BIHAR (10),Unclassifiable,273
State - SIKKIM (11),Total,"46,554"
State - SIKKIM (11),Last residence within India,"41,442"
State - SIKKIM (11),Within the state of enumeration but outside the place of enumeration,"21,900"
State - SIKKIM (11),Elsewhere in the district of enumeration,"13,412"
State - SIKKIM (11),In other districts of the state of enumeration,"8,488"
State - SIKKIM (11),States in India beyond the state of enumeration,"19,542"
State - SIKKIM (11),Jammu & Kashmir,155
State - SIKKIM (11),Himachal Pradesh,194
State - SIKKIM (11),Punjab,135
State - SIKKIM (11),Chandigarh,17
State - SIKKIM (11),Uttarakhand,114
State - SIKKIM (11),Haryana,121
State - SIKKIM (11),NCT of Delhi,175
State - SIKKIM (11),Rajasthan,114
State - SIKKIM (11),Uttar Pradesh,628
State - SIKKIM (11),Bihar,"3,790"
State - SIKKIM (11),Sikkim,0
State - SIKKIM (11),Arunachal Pradesh,100
State - SIKKIM (11),Nagaland,55
State - SIKKIM (11),Manipur,163
State - SIKKIM (11),Mizoram,8
State - SIKKIM (11),Tripura,18
State - SIKKIM (11),Meghalaya,67
State - SIKKIM (11),Assam,"1,089"
State - SIKKIM (11),West Bengal,"10,687"
State - SIKKIM (11),Jharkhand,596
State - SIKKIM (11),Odisha,363
State - SIKKIM (11),Chhattisgarh,22
State - SIKKIM (11),Madhya Pradesh,267
State - SIKKIM (11),Gujarat,41
State - SIKKIM (11),Daman & Diu,17
State - SIKKIM (11),Dadra & Nagar Haveli,1
State - SIKKIM (11),Maharashtra,83
State - SIKKIM (11),Andhra Pradesh,251
State - SIKKIM (11),Karnataka,78
State - SIKKIM (11),Goa,17
State - SIKKIM (11),Lakshadweep,0
State - SIKKIM (11),Kerala,94
State - SIKKIM (11),Tamil Nadu,75
State - SIKKIM (11),Puducherry,0
State - SIKKIM (11),Andaman & Nicobar Islands,7
State - SIKKIM (11),Last residence outside India,"5,065"
State - SIKKIM (11),Countries in Asia beyond India,"4,909"
State - SIKKIM (11),Other Countries,156
State - SIKKIM (11),Unclassifiable,47
State - ARUNACHAL PRADESH (12),Total,"119,244"
State - ARUNACHAL PRADESH (12),Last residence within India,"116,431"
State - ARUNACHAL PRADESH (12),Within the state of enumeration but outside the place of enumeration,"67,061"
State - ARUNACHAL PRADESH (12),Elsewhere in the district of enumeration,"41,305"
State - ARUNACHAL PRADESH (12),In other districts of the state of enumeration,"25,756"
State - ARUNACHAL PRADESH (12),States in India beyond the state of enumeration,"49,370"
State - ARUNACHAL PRADESH (12),Jammu & Kashmir,81
State - ARUNACHAL PRADESH (12),Himachal Pradesh,71
State - ARUNACHAL PRADESH (12),Punjab,65
State - ARUNACHAL PRADESH (12),Chandigarh,3
State - ARUNACHAL PRADESH (12),Uttarakhand,92
State - ARUNACHAL PRADESH (12),Haryana,123
State - ARUNACHAL PRADESH (12),NCT of Delhi,104
State - ARUNACHAL PRADESH (12),Rajasthan,358
State - ARUNACHAL PRADESH (12),Uttar Pradesh,"1,925"
State - ARUNACHAL PRADESH (12),Bihar,"5,328"
State - ARUNACHAL PRADESH (12),Sikkim,87
State - ARUNACHAL PRADESH (12),Arunachal Pradesh,0
State - ARUNACHAL PRADESH (12),Nagaland,417
State - ARUNACHAL PRADESH (12),Manipur,588
State - ARUNACHAL PRADESH (12),Mizoram,95
State - ARUNACHAL PRADESH (12),Tripura,269
State - ARUNACHAL PRADESH (12),Meghalaya,457
State - ARUNACHAL PRADESH (12),Assam,"33,587"
State - ARUNACHAL PRADESH (12),West Bengal,"2,859"
State - ARUNACHAL PRADESH (12),Jharkhand,722
State - ARUNACHAL PRADESH (12),Odisha,886
State - ARUNACHAL PRADESH (12),Chhattisgarh,56
State - ARUNACHAL PRADESH (12),Madhya Pradesh,74
State - ARUNACHAL PRADESH (12),Gujarat,18
State - ARUNACHAL PRADESH (12),Daman & Diu,0
State - ARUNACHAL PRADESH (12),Dadra & Nagar Haveli,0
State - ARUNACHAL PRADESH (12),Maharashtra,110
State - ARUNACHAL PRADESH (12),Andhra Pradesh,124
State - ARUNACHAL PRADESH (12),Karnataka,60
State - ARUNACHAL PRADESH (12),Goa,11
State - ARUNACHAL PRADESH (12),Lakshadweep,0
State - ARUNACHAL PRADESH (12),Kerala,660
State - ARUNACHAL PRADESH (12),Tamil Nadu,136
State - ARUNACHAL PRADESH (12),Puducherry,3
State - ARUNACHAL PRADESH (12),Andaman & Nicobar Islands,1
State - ARUNACHAL PRADESH (12),Last residence outside India,"2,785"
State - ARUNACHAL PRADESH (12),Countries in Asia beyond India,"2,724"
State - ARUNACHAL PRADESH (12),Other Countries,61
State - ARUNACHAL PRADESH (12),Unclassifiable,28
State - NAGALAND (13),Total,"110,779"
State - NAGALAND (13),Last residence within India,"108,637"
State - NAGALAND (13),Within the state of enumeration but outside the place of enumeration,"75,650"
State - NAGALAND (13),Elsewhere in the district of enumeration,"38,786"
State - NAGALAND (13),In other districts of the state of enumeration,"36,864"
State - NAGALAND (13),States in India beyond the state of enumeration,"32,987"
State - NAGALAND (13),Jammu & Kashmir,13
State - NAGALAND (13),Himachal Pradesh,12
State - NAGALAND (13),Punjab,33
State - NAGALAND (13),Chandigarh,4
State - NAGALAND (13),Uttarakhand,37
State - NAGALAND (13),Haryana,48
State - NAGALAND (13),NCT of Delhi,5
State - NAGALAND (13),Rajasthan,351
State - NAGALAND (13),Uttar Pradesh,"1,044"
State - NAGALAND (13),Bihar,"5,841"
State - NAGALAND (13),Sikkim,33
State - NAGALAND (13),Arunachal Pradesh,130
State - NAGALAND (13),Nagaland,0
State - NAGALAND (13),Manipur,"3,355"
State - NAGALAND (13),Mizoram,70
State - NAGALAND (13),Tripura,914
State - NAGALAND (13),Meghalaya,437
State - NAGALAND (13),Assam,"17,354"
State - NAGALAND (13),West Bengal,"1,123"
State - NAGALAND (13),Jharkhand,648
State - NAGALAND (13),Odisha,448
State - NAGALAND (13),Chhattisgarh,28
State - NAGALAND (13),Madhya Pradesh,42
State - NAGALAND (13),Gujarat,13
State - NAGALAND (13),Daman & Diu,0
State - NAGALAND (13),Dadra & Nagar Haveli,0
State - NAGALAND (13),Maharashtra,97
State - NAGALAND (13),Andhra Pradesh,107
State - NAGALAND (13),Karnataka,121
State - NAGALAND (13),Goa,3
State - NAGALAND (13),Lakshadweep,0
State - NAGALAND (13),Kerala,533
State - NAGALAND (13),Tamil Nadu,136
State - NAGALAND (13),Puducherry,3
State - NAGALAND (13),Andaman & Nicobar Islands,4
State - NAGALAND (13),Last residence outside India,"2,117"
State - NAGALAND (13),Countries in Asia beyond India,"2,020"
State - NAGALAND (13),Other Countries,97
State - NAGALAND (13),Unclassifiable,25
State - MANIPUR (14),Total,"22,750"
State - MANIPUR (14),Last residence within India,"22,571"
State - MANIPUR (14),Within the state of enumeration but outside the place of enumeration,"20,348"
State - MANIPUR (14),Elsewhere in the district of enumeration,"13,406"
State - MANIPUR (14),In other districts of the state of enumeration,"6,942"
State - MANIPUR (14),States in India beyond the state of enumeration,"2,223"
State - MANIPUR (14),Jammu & Kashmir,15
State - MANIPUR (14),Himachal Pradesh,7
State - MANIPUR (14),Punjab,9
State - MANIPUR (14),Chandigarh,2
State - MANIPUR (14),Uttarakhand,9
State - MANIPUR (14),Haryana,16
State - MANIPUR (14),NCT of Delhi,110
State - MANIPUR (14),Rajasthan,47
State - MANIPUR (14),Uttar Pradesh,106
State - MANIPUR (14),Bihar,450
State - MANIPUR (14),Sikkim,28
State - MANIPUR (14),Arunachal Pradesh,17
State - MANIPUR (14),Nagaland,118
State - MANIPUR (14),Manipur,0
State - MANIPUR (14),Mizoram,126
State - MANIPUR (14),Tripura,71
State - MANIPUR (14),Meghalaya,86
State - MANIPUR (14),Assam,626
State - MANIPUR (14),West Bengal,103
State - MANIPUR (14),Jharkhand,26
State - MANIPUR (14),Odisha,20
State - MANIPUR (14),Chhattisgarh,1
State - MANIPUR (14),Madhya Pradesh,9
State - MANIPUR (14),Gujarat,8
State - MANIPUR (14),Daman & Diu,0
State - MANIPUR (14),Dadra & Nagar Haveli,0
State - MANIPUR (14),Maharashtra,57
State - MANIPUR (14),Andhra Pradesh,16
State - MANIPUR (14),Karnataka,30
State - MANIPUR (14),Goa,12
State - MANIPUR (14),Lakshadweep,4
State - MANIPUR (14),Kerala,62
State - MANIPUR (14),Tamil Nadu,31
State - MANIPUR (14),Puducherry,0
State - MANIPUR (14),Andaman & Nicobar Islands,1
State - MANIPUR (14),Last residence outside India,177
State - MANIPUR (14),Countries in Asia beyond India,148
State - MANIPUR (14),Other Countries,29
State - MANIPUR (14),Unclassifiable,2
State - MIZORAM (15),Total,"62,828"
State - MIZORAM (15),Last residence within India,"59,386"
State - MIZORAM (15),Within the state of enumeration but outside the place of enumeration,"47,673"
State - MIZORAM (15),Elsewhere in the district of enumeration,"22,207"
State - MIZORAM (15),In other districts of the state of enumeration,"25,466"
State - MIZORAM (15),States in India beyond the state of enumeration,"11,713"
State - MIZORAM (15),Jammu & Kashmir,7
State - MIZORAM (15),Himachal Pradesh,4
State - MIZORAM (15),Punjab,10
State - MIZORAM (15),Chandigarh,3
State - MIZORAM (15),Uttarakhand,13
State - MIZORAM (15),Haryana,15
State - MIZORAM (15),NCT of Delhi,48
State - MIZORAM (15),Rajasthan,31
State - MIZORAM (15),Uttar Pradesh,151
State - MIZORAM (15),Bihar,690
State - MIZORAM (15),Sikkim,9
State - MIZORAM (15),Arunachal Pradesh,39
State - MIZORAM (15),Nagaland,82
State - MIZORAM (15),Manipur,"2,267"
State - MIZORAM (15),Mizoram,0
State - MIZORAM (15),Tripura,596
State - MIZORAM (15),Meghalaya,528
State - MIZORAM (15),Assam,"5,882"
State - MIZORAM (15),West Bengal,259
State - MIZORAM (15),Jharkhand,773
State - MIZORAM (15),Odisha,26
State - MIZORAM (15),Chhattisgarh,6
State - MIZORAM (15),Madhya Pradesh,27
State - MIZORAM (15),Gujarat,5
State - MIZORAM (15),Daman & Diu,0
State - MIZORAM (15),Dadra & Nagar Haveli,0
State - MIZORAM (15),Maharashtra,24
State - MIZORAM (15),Andhra Pradesh,33
State - MIZORAM (15),Karnataka,28
State - MIZORAM (15),Goa,1
State - MIZORAM (15),Lakshadweep,0
State - MIZORAM (15),Kerala,121
State - MIZORAM (15),Tamil Nadu,32
State - MIZORAM (15),Puducherry,2
State - MIZORAM (15),Andaman & Nicobar Islands,1
State - MIZORAM (15),Last residence outside India,"3,437"
State - MIZORAM (15),Countries in Asia beyond India,"3,378"
State - MIZORAM (15),Other Countries,59
State - MIZORAM (15),Unclassifiable,5
State - TRIPURA (16),Total,"92,097"
State - TRIPURA (16),Last residence within India,"81,304"
State - TRIPURA (16),Within the state of enumeration but outside the place of enumeration,"58,618"
State - TRIPURA (16),Elsewhere in the district of enumeration,"44,099"
State - TRIPURA (16),In other districts of the state of enumeration,"14,519"
State - TRIPURA (16),States in India beyond the state of enumeration,"22,686"
State - TRIPURA (16),Jammu & Kashmir,32
State - TRIPURA (16),Himachal Pradesh,19
State - TRIPURA (16),Punjab,20
State - TRIPURA (16),Chandigarh,3
State - TRIPURA (16),Uttarakhand,39
State - TRIPURA (16),Haryana,17
State - TRIPURA (16),NCT of Delhi,52
State - TRIPURA (16),Rajasthan,75
State - TRIPURA (16),Uttar Pradesh,742
State - TRIPURA (16),Bihar,"6,274"
State - TRIPURA (16),Sikkim,1
State - TRIPURA (16),Arunachal Pradesh,38
State - TRIPURA (16),Nagaland,65
State - TRIPURA (16),Manipur,107
State - TRIPURA (16),Mizoram,204
State - TRIPURA (16),Tripura,0
State - TRIPURA (16),Meghalaya,159
State - TRIPURA (16),Assam,"3,759"
State - TRIPURA (16),West Bengal,"1,062"
State - TRIPURA (16),Jharkhand,"9,576"
State - TRIPURA (16),Odisha,101
State - TRIPURA (16),Chhattisgarh,17
State - TRIPURA (16),Madhya Pradesh,33
State - TRIPURA (16),Gujarat,37
State - TRIPURA (16),Daman & Diu,0
State - TRIPURA (16),Dadra & Nagar Haveli,1
State - TRIPURA (16),Maharashtra,60
State - TRIPURA (16),Andhra Pradesh,39
State - TRIPURA (16),Karnataka,34
State - TRIPURA (16),Goa,2
State - TRIPURA (16),Lakshadweep,3
State - TRIPURA (16),Kerala,58
State - TRIPURA (16),Tamil Nadu,52
State - TRIPURA (16),Puducherry,4
State - TRIPURA (16),Andaman & Nicobar Islands,1
State - TRIPURA (16),Last residence outside India,"10,746"
State - TRIPURA (16),Countries in Asia beyond India,"10,360"
State - TRIPURA (16),Other Countries,386
State - TRIPURA (16),Unclassifiable,47
State - MEGHALAYA (17),Total,"52,797"
State - MEGHALAYA (17),Last residence within India,"51,673"
State - MEGHALAYA (17),Within the state of enumeration but outside the place of enumeration,"31,220"
State - MEGHALAYA (17),Elsewhere in the district of enumeration,"19,497"
State - MEGHALAYA (17),In other districts of the state of enumeration,"11,723"
State - MEGHALAYA (17),States in India beyond the state of enumeration,"20,453"
State - MEGHALAYA (17),Jammu & Kashmir,41
State - MEGHALAYA (17),Himachal Pradesh,41
State - MEGHALAYA (17),Punjab,196
State - MEGHALAYA (17),Chandigarh,8
State - MEGHALAYA (17),Uttarakhand,94
State - MEGHALAYA (17),Haryana,31
State - MEGHALAYA (17),NCT of Delhi,0
State - MEGHALAYA (17),Rajasthan,358
State - MEGHALAYA (17),Uttar Pradesh,491
State - MEGHALAYA (17),Bihar,"4,305"
State - MEGHALAYA (17),Sikkim,32
State - MEGHALAYA (17),Arunachal Pradesh,305
State - MEGHALAYA (17),Nagaland,306
State - MEGHALAYA (17),Manipur,"1,225"
State - MEGHALAYA (17),Mizoram,340
State - MEGHALAYA (17),Tripura,906
State - MEGHALAYA (17),Meghalaya,0
State - MEGHALAYA (17),Assam,"9,794"
State - MEGHALAYA (17),West Bengal,"1,136"
State - MEGHALAYA (17),Jharkhand,148
State - MEGHALAYA (17),Odisha,136
State - MEGHALAYA (17),Chhattisgarh,14
State - MEGHALAYA (17),Madhya Pradesh,50
State - MEGHALAYA (17),Gujarat,18
State - MEGHALAYA (17),Daman & Diu,0
State - MEGHALAYA (17),Dadra & Nagar Haveli,0
State - MEGHALAYA (17),Maharashtra,93
State - MEGHALAYA (17),Andhra Pradesh,72
State - MEGHALAYA (17),Karnataka,55
State - MEGHALAYA (17),Goa,7
State - MEGHALAYA (17),Lakshadweep,0
State - MEGHALAYA (17),Kerala,181
State - MEGHALAYA (17),Tamil Nadu,63
State - MEGHALAYA (17),Puducherry,6
State - MEGHALAYA (17),Andaman & Nicobar Islands,1
State - MEGHALAYA (17),Last residence outside India,"1,102"
State - MEGHALAYA (17),Countries in Asia beyond India,"1,033"
State - MEGHALAYA (17),Other Countries,69
State - MEGHALAYA (17),Unclassifiable,22
State - ASSAM (18),Total,"572,064"
State - ASSAM (18),Last residence within India,"565,654"
State - ASSAM (18),Within the state of enumeration but outside the place of enumeration,"484,091"
State - ASSAM (18),Elsewhere in the district of enumeration,"255,735"
State - ASSAM (18),In other districts of the state of enumeration,"228,356"
State - ASSAM (18),States in India beyond the state of enumeration,"81,563"
State - ASSAM (18),Jammu & Kashmir,198
State - ASSAM (18),Himachal Pradesh,116
State - ASSAM (18),Punjab,540
State - ASSAM (18),Chandigarh,36
State - ASSAM (18),Uttarakhand,293
State - ASSAM (18),Haryana,437
State - ASSAM (18),NCT of Delhi,488
State - ASSAM (18),Rajasthan,"2,958"
State - ASSAM (18),Uttar Pradesh,"6,675"
State - ASSAM (18),Bihar,"33,309"
State - ASSAM (18),Sikkim,161
State - ASSAM (18),Arunachal Pradesh,"1,700"
State - ASSAM (18),Nagaland,"2,182"
State - ASSAM (18),Manipur,"1,710"
State - ASSAM (18),Mizoram,527
State - ASSAM (18),Tripura,"4,948"
State - ASSAM (18),Meghalaya,"4,806"
State - ASSAM (18),Assam,0
State - ASSAM (18),West Bengal,"11,237"
State - ASSAM (18),Jharkhand,"3,359"
State - ASSAM (18),Odisha,"1,620"
State - ASSAM (18),Chhattisgarh,402
State - ASSAM (18),Madhya Pradesh,541
State - ASSAM (18),Gujarat,303
State - ASSAM (18),Daman & Diu,0
State - ASSAM (18),Dadra & Nagar Haveli,1
State - ASSAM (18),Maharashtra,502
State - ASSAM (18),Andhra Pradesh,"1,338"
State - ASSAM (18),Karnataka,192
State - ASSAM (18),Goa,8
State - ASSAM (18),Lakshadweep,6
State - ASSAM (18),Kerala,579
State - ASSAM (18),Tamil Nadu,363
State - ASSAM (18),Puducherry,5
State - ASSAM (18),Andaman & Nicobar Islands,23
State - ASSAM (18),Last residence outside India,"6,275"
State - ASSAM (18),Countries in Asia beyond India,"5,242"
State - ASSAM (18),Other Countries,"1,033"
State - ASSAM (18),Unclassifiable,135
State - WEST BENGAL (19),Total,"1,656,952"
State - WEST BENGAL (19),Last residence within India,"1,516,191"
State - WEST BENGAL (19),Within the state of enumeration but outside the place of enumeration,"1,047,418"
State - WEST BENGAL (19),Elsewhere in the district of enumeration,"546,863"
State - WEST BENGAL (19),In other districts of the state of enumeration,"500,555"
State - WEST BENGAL (19),States in India beyond the state of enumeration,"468,773"
State - WEST BENGAL (19),Jammu & Kashmir,500
State - WEST BENGAL (19),Himachal Pradesh,274
State - WEST BENGAL (19),Punjab,"2,779"
State - WEST BENGAL (19),Chandigarh,106
State - WEST BENGAL (19),Uttarakhand,562
State - WEST BENGAL (19),Haryana,"1,575"
State - WEST BENGAL (19),NCT of Delhi,"2,099"
State - WEST BENGAL (19),Rajasthan,"7,462"
State - WEST BENGAL (19),Uttar Pradesh,"55,164"
State - WEST BENGAL (19),Bihar,"269,356"
State - WEST BENGAL (19),Sikkim,758
State - WEST BENGAL (19),Arunachal Pradesh,244
State - WEST BENGAL (19),Nagaland,498
State - WEST BENGAL (19),Manipur,304
State - WEST BENGAL (19),Mizoram,86
State - WEST BENGAL (19),Tripura,"2,881"
State - WEST BENGAL (19),Meghalaya,811
State - WEST BENGAL (19),Assam,"16,480"
State - WEST BENGAL (19),West Bengal,0
State - WEST BENGAL (19),Jharkhand,"57,234"
State - WEST BENGAL (19),Odisha,"31,897"
State - WEST BENGAL (19),Chhattisgarh,"1,631"
State - WEST BENGAL (19),Madhya Pradesh,"2,164"
State - WEST BENGAL (19),Gujarat,"1,808"
State - WEST BENGAL (19),Daman & Diu,4
State - WEST BENGAL (19),Dadra & Nagar Haveli,19
State - WEST BENGAL (19),Maharashtra,"3,768"
State - WEST BENGAL (19),Andhra Pradesh,"3,382"
State - WEST BENGAL (19),Karnataka,991
State - WEST BENGAL (19),Goa,64
State - WEST BENGAL (19),Lakshadweep,12
State - WEST BENGAL (19),Kerala,"1,942"
State - WEST BENGAL (19),Tamil Nadu,"1,692"
State - WEST BENGAL (19),Puducherry,29
State - WEST BENGAL (19),Andaman & Nicobar Islands,197
State - WEST BENGAL (19),Last residence outside India,"139,901"
State - WEST BENGAL (19),Countries in Asia beyond India,"136,655"
State - WEST BENGAL (19),Other Countries,"3,246"
State - WEST BENGAL (19),Unclassifiable,860
State - JHARKHAND (20),Total,"824,259"
State - JHARKHAND (20),Last residence within India,"818,693"
State - JHARKHAND (20),Within the state of enumeration but outside the place of enumeration,"403,723"
State - JHARKHAND (20),Elsewhere in the district of enumeration,"213,847"
State - JHARKHAND (20),In other districts of the state of enumeration,"189,876"
State - JHARKHAND (20),States in India beyond the state of enumeration,"414,970"
State - JHARKHAND (20),Jammu & Kashmir,253
State - JHARKHAND (20),Himachal Pradesh,241
State - JHARKHAND (20),Punjab,"2,641"
State - JHARKHAND (20),Chandigarh,53
State - JHARKHAND (20),Uttarakhand,271
State - JHARKHAND (20),Haryana,860
State - JHARKHAND (20),NCT of Delhi,"1,601"
State - JHARKHAND (20),Rajasthan,"2,309"
State - JHARKHAND (20),Uttar Pradesh,"24,660"
State - JHARKHAND (20),Bihar,"292,428"
State - JHARKHAND (20),Sikkim,32
State - JHARKHAND (20),Arunachal Pradesh,35
State - JHARKHAND (20),Nagaland,43
State - JHARKHAND (20),Manipur,192
State - JHARKHAND (20),Mizoram,12
State - JHARKHAND (20),Tripura,104
State - JHARKHAND (20),Meghalaya,76
State - JHARKHAND (20),Assam,881
State - JHARKHAND (20),West Bengal,"54,724"
State - JHARKHAND (20),Jharkhand,0
State - JHARKHAND (20),Odisha,"17,676"
State - JHARKHAND (20),Chhattisgarh,"5,359"
State - JHARKHAND (20),Madhya Pradesh,"1,975"
State - JHARKHAND (20),Gujarat,"1,185"
State - JHARKHAND (20),Daman & Diu,1
State - JHARKHAND (20),Dadra & Nagar Haveli,2
State - JHARKHAND (20),Maharashtra,"2,149"
State - JHARKHAND (20),Andhra Pradesh,"2,122"
State - JHARKHAND (20),Karnataka,489
State - JHARKHAND (20),Goa,66
State - JHARKHAND (20),Lakshadweep,3
State - JHARKHAND (20),Kerala,"1,424"
State - JHARKHAND (20),Tamil Nadu,"1,046"
State - JHARKHAND (20),Puducherry,16
State - JHARKHAND (20),Andaman & Nicobar Islands,41
State - JHARKHAND (20),Last residence outside India,"5,184"
State - JHARKHAND (20),Countries in Asia beyond India,"3,571"
State - JHARKHAND (20),Other Countries,"1,613"
State - JHARKHAND (20),Unclassifiable,382
State - ODISHA (21),Total,"851,363"
State - ODISHA (21),Last residence within India,"846,903"
State - ODISHA (21),Within the state of enumeration but outside the place of enumeration,"724,156"
State - ODISHA (21),Elsewhere in the district of enumeration,"309,656"
State - ODISHA (21),In other districts of the state of enumeration,"414,500"
State - ODISHA (21),States in India beyond the state of enumeration,"122,747"
State - ODISHA (21),Jammu & Kashmir,407
State - ODISHA (21),Himachal Pradesh,152
State - ODISHA (21),Punjab,"1,187"
State - ODISHA (21),Chandigarh,64
State - ODISHA (21),Uttarakhand,255
State - ODISHA (21),Haryana,679
State - ODISHA (21),NCT of Delhi,"1,721"
State - ODISHA (21),Rajasthan,"1,707"
State - ODISHA (21),Uttar Pradesh,"7,076"
State - ODISHA (21),Bihar,"25,101"
State - ODISHA (21),Sikkim,40
State - ODISHA (21),Arunachal Pradesh,48
State - ODISHA (21),Nagaland,105
State - ODISHA (21),Manipur,107
State - ODISHA (21),Mizoram,18
State - ODISHA (21),Tripura,175
State - ODISHA (21),Meghalaya,86
State - ODISHA (21),Assam,797
State - ODISHA (21),West Bengal,"21,581"
State - ODISHA (21),Jharkhand,"24,288"
State - ODISHA (21),Odisha,0
State - ODISHA (21),Chhattisgarh,"7,528"
State - ODISHA (21),Madhya Pradesh,"1,951"
State - ODISHA (21),Gujarat,"5,100"
State - ODISHA (21),Daman & Diu,2
State - ODISHA (21),Dadra & Nagar Haveli,4
State - ODISHA (21),Maharashtra,"2,903"
State - ODISHA (21),Andhra Pradesh,"15,122"
State - ODISHA (21),Karnataka,"1,263"
State - ODISHA (21),Goa,89
State - ODISHA (21),Lakshadweep,0
State - ODISHA (21),Kerala,"1,396"
State - ODISHA (21),Tamil Nadu,"1,716"
State - ODISHA (21),Puducherry,31
State - ODISHA (21),Andaman & Nicobar Islands,48
State - ODISHA (21),Last residence outside India,"4,053"
State - ODISHA (21),Countries in Asia beyond India,"2,200"
State - ODISHA (21),Other Countries,"1,853"
State - ODISHA (21),Unclassifiable,407
State - CHHATTISGARH (22),Total,"1,021,077"
State - CHHATTISGARH (22),Last residence within India,"1,013,733"
State - CHHATTISGARH (22),Within the state of enumeration but outside the place of enumeration,"714,812"
State - CHHATTISGARH (22),Elsewhere in the district of enumeration,"404,066"
State - CHHATTISGARH (22),In other districts of the state of enumeration,"310,746"
State - CHHATTISGARH (22),States in India beyond the state of enumeration,"298,921"
State - CHHATTISGARH (22),Jammu & Kashmir,"1,464"
State - CHHATTISGARH (22),Himachal Pradesh,468
State - CHHATTISGARH (22),Punjab,"4,747"
State - CHHATTISGARH (22),Chandigarh,72
State - CHHATTISGARH (22),Uttarakhand,657
State - CHHATTISGARH (22),Haryana,"3,455"
State - CHHATTISGARH (22),NCT of Delhi,"2,353"
State - CHHATTISGARH (22),Rajasthan,"5,249"
State - CHHATTISGARH (22),Uttar Pradesh,"47,212"
State - CHHATTISGARH (22),Bihar,"44,747"
State - CHHATTISGARH (22),Sikkim,22
State - CHHATTISGARH (22),Arunachal Pradesh,23
State - CHHATTISGARH (22),Nagaland,32
State - CHHATTISGARH (22),Manipur,23
State - CHHATTISGARH (22),Mizoram,6
State - CHHATTISGARH (22),Tripura,69
State - CHHATTISGARH (22),Meghalaya,31
State - CHHATTISGARH (22),Assam,792
State - CHHATTISGARH (22),West Bengal,"16,104"
State - CHHATTISGARH (22),Jharkhand,"23,379"
State - CHHATTISGARH (22),Odisha,"42,989"
State - CHHATTISGARH (22),Chhattisgarh,0
State - CHHATTISGARH (22),Madhya Pradesh,"63,137"
State - CHHATTISGARH (22),Gujarat,"2,998"
State - CHHATTISGARH (22),Daman & Diu,12
State - CHHATTISGARH (22),Dadra & Nagar Haveli,2
State - CHHATTISGARH (22),Maharashtra,"21,979"
State - CHHATTISGARH (22),Andhra Pradesh,"10,812"
State - CHHATTISGARH (22),Karnataka,785
State - CHHATTISGARH (22),Goa,56
State - CHHATTISGARH (22),Lakshadweep,6
State - CHHATTISGARH (22),Kerala,"3,691"
State - CHHATTISGARH (22),Tamil Nadu,"1,484"
State - CHHATTISGARH (22),Puducherry,8
State - CHHATTISGARH (22),Andaman & Nicobar Islands,57
State - CHHATTISGARH (22),Last residence outside India,"6,891"
State - CHHATTISGARH (22),Countries in Asia beyond India,"4,150"
State - CHHATTISGARH (22),Other Countries,"2,741"
State - CHHATTISGARH (22),Unclassifiable,453
State - MADHYA PRADESH (23),Total,"2,415,635"
State - MADHYA PRADESH (23),Last residence within India,"2,403,872"
State - MADHYA PRADESH (23),Within the state of enumeration but outside the place of enumeration,"1,965,070"
State - MADHYA PRADESH (23),Elsewhere in the district of enumeration,"1,042,322"
State - MADHYA PRADESH (23),In other districts of the state of enumeration,"922,748"
State - MADHYA PRADESH (23),States in India beyond the state of enumeration,"438,802"
State - MADHYA PRADESH (23),Jammu & Kashmir,"1,111"
State - MADHYA PRADESH (23),Himachal Pradesh,926
State - MADHYA PRADESH (23),Punjab,"7,146"
State - MADHYA PRADESH (23),Chandigarh,138
State - MADHYA PRADESH (23),Uttarakhand,"3,072"
State - MADHYA PRADESH (23),Haryana,"4,069"
State - MADHYA PRADESH (23),NCT of Delhi,"5,017"
State - MADHYA PRADESH (23),Rajasthan,"53,236"
State - MADHYA PRADESH (23),Uttar Pradesh,"171,808"
State - MADHYA PRADESH (23),Bihar,"40,473"
State - MADHYA PRADESH (23),Sikkim,45
State - MADHYA PRADESH (23),Arunachal Pradesh,52
State - MADHYA PRADESH (23),Nagaland,51
State - MADHYA PRADESH (23),Manipur,110
State - MADHYA PRADESH (23),Mizoram,48
State - MADHYA PRADESH (23),Tripura,109
State - MADHYA PRADESH (23),Meghalaya,70
State - MADHYA PRADESH (23),Assam,990
State - MADHYA PRADESH (23),West Bengal,"16,040"
State - MADHYA PRADESH (23),Jharkhand,"11,584"
State - MADHYA PRADESH (23),Odisha,"6,085"
State - MADHYA PRADESH (23),Chhattisgarh,"30,389"
State - MADHYA PRADESH (23),Madhya Pradesh,0
State - MADHYA PRADESH (23),Gujarat,"10,451"
State - MADHYA PRADESH (23),Daman & Diu,49
State - MADHYA PRADESH (23),Dadra & Nagar Haveli,9
State - MADHYA PRADESH (23),Maharashtra,"58,083"
State - MADHYA PRADESH (23),Andhra Pradesh,"4,559"
State - MADHYA PRADESH (23),Karnataka,"1,597"
State - MADHYA PRADESH (23),Goa,181
State - MADHYA PRADESH (23),Lakshadweep,18
State - MADHYA PRADESH (23),Kerala,"8,611"
State - MADHYA PRADESH (23),Tamil Nadu,"2,615"
State - MADHYA PRADESH (23),Puducherry,18
State - MADHYA PRADESH (23),Andaman & Nicobar Islands,42
State - MADHYA PRADESH (23),Last residence outside India,"10,913"
State - MADHYA PRADESH (23),Countries in Asia beyond India,"7,928"
State - MADHYA PRADESH (23),Other Countries,"2,985"
State - MADHYA PRADESH (23),Unclassifiable,850
State - GUJARAT (24),Total,"3,041,779"
State - GUJARAT (24),Last residence within India,"3,017,746"
State - GUJARAT (24),Within the state of enumeration but outside the place of enumeration,"1,896,002"
State - GUJARAT (24),Elsewhere in the district of enumeration,"800,157"
State - GUJARAT (24),In other districts of the state of enumeration,"1,095,845"
State - GUJARAT (24),States in India beyond the state of enumeration,"1,121,744"
State - GUJARAT (24),Jammu & Kashmir,984
State - GUJARAT (24),Himachal Pradesh,"1,103"
State - GUJARAT (24),Punjab,"6,877"
State - GUJARAT (24),Chandigarh,312
State - GUJARAT (24),Uttarakhand,"3,698"
State - GUJARAT (24),Haryana,"6,323"
State - GUJARAT (24),NCT of Delhi,"5,838"
State - GUJARAT (24),Rajasthan,"154,783"
State - GUJARAT (24),Uttar Pradesh,"346,417"
State - GUJARAT (24),Bihar,"161,946"
State - GUJARAT (24),Sikkim,27
State - GUJARAT (24),Arunachal Pradesh,65
State - GUJARAT (24),Nagaland,53
State - GUJARAT (24),Manipur,101
State - GUJARAT (24),Mizoram,8
State - GUJARAT (24),Tripura,211
State - GUJARAT (24),Meghalaya,100
State - GUJARAT (24),Assam,"3,955"
State - GUJARAT (24),West Bengal,"32,068"
State - GUJARAT (24),Jharkhand,"28,012"
State - GUJARAT (24),Odisha,"77,284"
State - GUJARAT (24),Chhattisgarh,"4,366"
State - GUJARAT (24),Madhya Pradesh,"72,459"
State - GUJARAT (24),Gujarat,0
State - GUJARAT (24),Daman & Diu,959
State - GUJARAT (24),Dadra & Nagar Haveli,777
State - GUJARAT (24),Maharashtra,"174,457"
State - GUJARAT (24),Andhra Pradesh,"12,267"
State - GUJARAT (24),Karnataka,"5,995"
State - GUJARAT (24),Goa,399
State - GUJARAT (24),Lakshadweep,4
State - GUJARAT (24),Kerala,"12,500"
State - GUJARAT (24),Tamil Nadu,"7,216"
State - GUJARAT (24),Puducherry,121
State - GUJARAT (24),Andaman & Nicobar Islands,59
State - GUJARAT (24),Last residence outside India,"14,472"
State - GUJARAT (24),Countries in Asia beyond India,"12,304"
State - GUJARAT (24),Other Countries,"2,168"
State - GUJARAT (24),Unclassifiable,"9,561"
State - DAMAN & DIU (25),Total,"73,782"
State - DAMAN & DIU (25),Last residence within India,"72,486"
State - DAMAN & DIU (25),Within the state of enumeration but outside the place of enumeration,"2,438"
State - DAMAN & DIU (25),Elsewhere in the district of enumeration,"2,216"
State - DAMAN & DIU (25),In other districts of the state of enumeration,222
State - DAMAN & DIU (25),States in India beyond the state of enumeration,"70,048"
State - DAMAN & DIU (25),Jammu & Kashmir,22
State - DAMAN & DIU (25),Himachal Pradesh,42
State - DAMAN & DIU (25),Punjab,104
State - DAMAN & DIU (25),Chandigarh,18
State - DAMAN & DIU (25),Uttarakhand,231
State - DAMAN & DIU (25),Haryana,65
State - DAMAN & DIU (25),NCT of Delhi,250
State - DAMAN & DIU (25),Rajasthan,"2,120"
State - DAMAN & DIU (25),Uttar Pradesh,"18,084"
State - DAMAN & DIU (25),Bihar,"19,854"
State - DAMAN & DIU (25),Sikkim,0
State - DAMAN & DIU (25),Arunachal Pradesh,5
State - DAMAN & DIU (25),Nagaland,2
State - DAMAN & DIU (25),Manipur,6
State - DAMAN & DIU (25),Mizoram,0
State - DAMAN & DIU (25),Tripura,26
State - DAMAN & DIU (25),Meghalaya,1
State - DAMAN & DIU (25),Assam,"1,418"
State - DAMAN & DIU (25),West Bengal,"3,557"
State - DAMAN & DIU (25),Jharkhand,"2,686"
State - DAMAN & DIU (25),Odisha,"3,419"
State - DAMAN & DIU (25),Chhattisgarh,184
State - DAMAN & DIU (25),Madhya Pradesh,"5,593"
State - DAMAN & DIU (25),Gujarat,"5,395"
State - DAMAN & DIU (25),Daman & Diu,0
State - DAMAN & DIU (25),Dadra & Nagar Haveli,62
State - DAMAN & DIU (25),Maharashtra,"5,969"
State - DAMAN & DIU (25),Andhra Pradesh,161
State - DAMAN & DIU (25),Karnataka,248
State - DAMAN & DIU (25),Goa,40
State - DAMAN & DIU (25),Lakshadweep,16
State - DAMAN & DIU (25),Kerala,320
State - DAMAN & DIU (25),Tamil Nadu,132
State - DAMAN & DIU (25),Puducherry,4
State - DAMAN & DIU (25),Andaman & Nicobar Islands,14
State - DAMAN & DIU (25),Last residence outside India,"1,090"
State - DAMAN & DIU (25),Countries in Asia beyond India,"1,054"
State - DAMAN & DIU (25),Other Countries,36
State - DAMAN & DIU (25),Unclassifiable,206
State - DADRA & NAGAR HAVELI (26),Total,"63,779"
State - DADRA & NAGAR HAVELI (26),Last residence within India,"61,822"
State - DADRA & NAGAR HAVELI (26),Within the state of enumeration but outside the place of enumeration,"4,779"
State - DADRA & NAGAR HAVELI (26),Elsewhere in the district of enumeration,"4,779"
State - DADRA & NAGAR HAVELI (26),In other districts of the state of enumeration,0
State - DADRA & NAGAR HAVELI (26),States in India beyond the state of enumeration,"57,043"
State - DADRA & NAGAR HAVELI (26),Jammu & Kashmir,22
State - DADRA & NAGAR HAVELI (26),Himachal Pradesh,58
State - DADRA & NAGAR HAVELI (26),Punjab,145
State - DADRA & NAGAR HAVELI (26),Chandigarh,12
State - DADRA & NAGAR HAVELI (26),Uttarakhand,372
State - DADRA & NAGAR HAVELI (26),Haryana,109
State - DADRA & NAGAR HAVELI (26),NCT of Delhi,247
State - DADRA & NAGAR HAVELI (26),Rajasthan,"2,409"
State - DADRA & NAGAR HAVELI (26),Uttar Pradesh,"15,825"
State - DADRA & NAGAR HAVELI (26),Bihar,"11,583"
State - DADRA & NAGAR HAVELI (26),Sikkim,0
State - DADRA & NAGAR HAVELI (26),Arunachal Pradesh,10
State - DADRA & NAGAR HAVELI (26),Nagaland,2
State - DADRA & NAGAR HAVELI (26),Manipur,23
State - DADRA & NAGAR HAVELI (26),Mizoram,1
State - DADRA & NAGAR HAVELI (26),Tripura,3
State - DADRA & NAGAR HAVELI (26),Meghalaya,0
State - DADRA & NAGAR HAVELI (26),Assam,"1,158"
State - DADRA & NAGAR HAVELI (26),West Bengal,"1,749"
State - DADRA & NAGAR HAVELI (26),Jharkhand,"1,516"
State - DADRA & NAGAR HAVELI (26),Odisha,"2,931"
State - DADRA & NAGAR HAVELI (26),Chhattisgarh,173
State - DADRA & NAGAR HAVELI (26),Madhya Pradesh,"3,015"
State - DADRA & NAGAR HAVELI (26),Gujarat,"6,242"
State - DADRA & NAGAR HAVELI (26),Daman & Diu,273
State - DADRA & NAGAR HAVELI (26),Dadra & Nagar Haveli,0
State - DADRA & NAGAR HAVELI (26),Maharashtra,"7,724"
State - DADRA & NAGAR HAVELI (26),Andhra Pradesh,265
State - DADRA & NAGAR HAVELI (26),Karnataka,354
State - DADRA & NAGAR HAVELI (26),Goa,45
State - DADRA & NAGAR HAVELI (26),Lakshadweep,14
State - DADRA & NAGAR HAVELI (26),Kerala,535
State - DADRA & NAGAR HAVELI (26),Tamil Nadu,223
State - DADRA & NAGAR HAVELI (26),Puducherry,4
State - DADRA & NAGAR HAVELI (26),Andaman & Nicobar Islands,1
State - DADRA & NAGAR HAVELI (26),Last residence outside India,946
State - DADRA & NAGAR HAVELI (26),Countries in Asia beyond India,920
State - DADRA & NAGAR HAVELI (26),Other Countries,26
State - DADRA & NAGAR HAVELI (26),Unclassifiable,"1,011"
State - MAHARASHTRA (27),Total,"7,901,819"
State - MAHARASHTRA (27),Last residence within India,"7,836,499"
State - MAHARASHTRA (27),Within the state of enumeration but outside the place of enumeration,"5,049,732"
State - MAHARASHTRA (27),Elsewhere in the district of enumeration,"2,144,188"
State - MAHARASHTRA (27),In other districts of the state of enumeration,"2,905,544"
State - MAHARASHTRA (27),States in India beyond the state of enumeration,"2,786,767"
State - MAHARASHTRA (27),Jammu & Kashmir,"5,141"
State - MAHARASHTRA (27),Himachal Pradesh,"4,112"
State - MAHARASHTRA (27),Punjab,"17,990"
State - MAHARASHTRA (27),Chandigarh,868
State - MAHARASHTRA (27),Uttarakhand,"15,604"
State - MAHARASHTRA (27),Haryana,"12,570"
State - MAHARASHTRA (27),NCT of Delhi,"23,253"
State - MAHARASHTRA (27),Rajasthan,"154,625"
State - MAHARASHTRA (27),Uttar Pradesh,"1,104,680"
State - MAHARASHTRA (27),Bihar,"263,195"
State - MAHARASHTRA (27),Sikkim,210
State - MAHARASHTRA (27),Arunachal Pradesh,182
State - MAHARASHTRA (27),Nagaland,312
State - MAHARASHTRA (27),Manipur,"1,032"
State - MAHARASHTRA (27),Mizoram,118
State - MAHARASHTRA (27),Tripura,581
State - MAHARASHTRA (27),Meghalaya,496
State - MAHARASHTRA (27),Assam,"13,311"
State - MAHARASHTRA (27),West Bengal,"140,494"
State - MAHARASHTRA (27),Jharkhand,"50,772"
State - MAHARASHTRA (27),Odisha,"55,075"
State - MAHARASHTRA (27),Chhattisgarh,"51,494"
State - MAHARASHTRA (27),Madhya Pradesh,"188,936"
State - MAHARASHTRA (27),Gujarat,"166,908"
State - MAHARASHTRA (27),Daman & Diu,386
State - MAHARASHTRA (27),Dadra & Nagar Haveli,211
State - MAHARASHTRA (27),Maharashtra,0
State - MAHARASHTRA (27),Andhra Pradesh,"93,761"
State - MAHARASHTRA (27),Karnataka,"278,084"
State - MAHARASHTRA (27),Goa,"10,480"
State - MAHARASHTRA (27),Lakshadweep,108
State - MAHARASHTRA (27),Kerala,"65,828"
State - MAHARASHTRA (27),Tamil Nadu,"65,335"
State - MAHARASHTRA (27),Puducherry,346
State - MAHARASHTRA (27),Andaman & Nicobar Islands,269
State - MAHARASHTRA (27),Last residence outside India,"57,723"
State - MAHARASHTRA (27),Countries in Asia beyond India,"43,261"
State - MAHARASHTRA (27),Other Countries,"14,462"
State - MAHARASHTRA (27),Unclassifiable,"7,597"
State - ANDHRA PRADESH (28),Total,"3,737,316"
State - ANDHRA PRADESH (28),Last residence within India,"3,719,154"
State - ANDHRA PRADESH (28),Within the state of enumeration but outside the place of enumeration,"3,438,013"
State - ANDHRA PRADESH (28),Elsewhere in the district of enumeration,"2,043,218"
State - ANDHRA PRADESH (28),In other districts of the state of enumeration,"1,394,795"
State - ANDHRA PRADESH (28),States in India beyond the state of enumeration,"281,141"
State - ANDHRA PRADESH (28),Jammu & Kashmir,741
State - ANDHRA PRADESH (28),Himachal Pradesh,321
State - ANDHRA PRADESH (28),Punjab,"1,576"
State - ANDHRA PRADESH (28),Chandigarh,253
State - ANDHRA PRADESH (28),Uttarakhand,589
State - ANDHRA PRADESH (28),Haryana,"1,314"
State - ANDHRA PRADESH (28),NCT of Delhi,"4,573"
State - ANDHRA PRADESH (28),Rajasthan,"12,767"
State - ANDHRA PRADESH (28),Uttar Pradesh,"16,200"
State - ANDHRA PRADESH (28),Bihar,"17,236"
State - ANDHRA PRADESH (28),Sikkim,42
State - ANDHRA PRADESH (28),Arunachal Pradesh,50
State - ANDHRA PRADESH (28),Nagaland,62
State - ANDHRA PRADESH (28),Manipur,159
State - ANDHRA PRADESH (28),Mizoram,15
State - ANDHRA PRADESH (28),Tripura,126
State - ANDHRA PRADESH (28),Meghalaya,104
State - ANDHRA PRADESH (28),Assam,"2,021"
State - ANDHRA PRADESH (28),West Bengal,"14,261"
State - ANDHRA PRADESH (28),Jharkhand,"3,718"
State - ANDHRA PRADESH (28),Odisha,"44,897"
State - ANDHRA PRADESH (28),Chhattisgarh,"6,477"
State - ANDHRA PRADESH (28),Madhya Pradesh,"4,939"
State - ANDHRA PRADESH (28),Gujarat,"3,891"
State - ANDHRA PRADESH (28),Daman & Diu,15
State - ANDHRA PRADESH (28),Dadra & Nagar Haveli,3
State - ANDHRA PRADESH (28),Maharashtra,"43,278"
State - ANDHRA PRADESH (28),Andhra Pradesh,0
State - ANDHRA PRADESH (28),Karnataka,"47,106"
State - ANDHRA PRADESH (28),Goa,403
State - ANDHRA PRADESH (28),Lakshadweep,12
State - ANDHRA PRADESH (28),Kerala,"11,348"
State - ANDHRA PRADESH (28),Tamil Nadu,"41,517"
State - ANDHRA PRADESH (28),Puducherry,856
State - ANDHRA PRADESH (28),Andaman & Nicobar Islands,271
State - ANDHRA PRADESH (28),Last residence outside India,"17,365"
State - ANDHRA PRADESH (28),Countries in Asia beyond India,"8,211"
State - ANDHRA PRADESH (28),Other Countries,"9,154"
State - ANDHRA PRADESH (28),Unclassifiable,797
State - KARNATAKA (29),Total,"2,887,216"
State - KARNATAKA (29),Last residence within India,"2,869,517"
State - KARNATAKA (29),Within the state of enumeration but outside the place of enumeration,"2,087,519"
State - KARNATAKA (29),Elsewhere in the district of enumeration,"845,980"
State - KARNATAKA (29),In other districts of the state of enumeration,"1,241,539"
State - KARNATAKA (29),States in India beyond the state of enumeration,"781,998"
State - KARNATAKA (29),Jammu & Kashmir,"1,604"
State - KARNATAKA (29),Himachal Pradesh,970
State - KARNATAKA (29),Punjab,"3,289"
State - KARNATAKA (29),Chandigarh,508
State - KARNATAKA (29),Uttarakhand,"1,884"
State - KARNATAKA (29),Haryana,"3,628"
State - KARNATAKA (29),NCT of Delhi,"11,125"
State - KARNATAKA (29),Rajasthan,"31,747"
State - KARNATAKA (29),Uttar Pradesh,"34,920"
State - KARNATAKA (29),Bihar,"35,788"
State - KARNATAKA (29),Sikkim,254
State - KARNATAKA (29),Arunachal Pradesh,184
State - KARNATAKA (29),Nagaland,408
State - KARNATAKA (29),Manipur,"1,829"
State - KARNATAKA (29),Mizoram,121
State - KARNATAKA (29),Tripura,690
State - KARNATAKA (29),Meghalaya,440
State - KARNATAKA (29),Assam,"12,721"
State - KARNATAKA (29),West Bengal,"29,449"
State - KARNATAKA (29),Jharkhand,"8,828"
State - KARNATAKA (29),Odisha,"37,178"
State - KARNATAKA (29),Chhattisgarh,"2,541"
State - KARNATAKA (29),Madhya Pradesh,"7,869"
State - KARNATAKA (29),Gujarat,"7,972"
State - KARNATAKA (29),Daman & Diu,12
State - KARNATAKA (29),Dadra & Nagar Haveli,11
State - KARNATAKA (29),Maharashtra,"55,014"
State - KARNATAKA (29),Andhra Pradesh,"199,501"
State - KARNATAKA (29),Karnataka,0
State - KARNATAKA (29),Goa,"2,888"
State - KARNATAKA (29),Lakshadweep,86
State - KARNATAKA (29),Kerala,"82,697"
State - KARNATAKA (29),Tamil Nadu,"204,746"
State - KARNATAKA (29),Puducherry,886
State - KARNATAKA (29),Andaman & Nicobar Islands,210
State - KARNATAKA (29),Last residence outside India,"16,431"
State - KARNATAKA (29),Countries in Asia beyond India,"9,811"
State - KARNATAKA (29),Other Countries,"6,620"
State - KARNATAKA (29),Unclassifiable,"1,268"
State - GOA (30),Total,"115,870"
State - GOA (30),Last residence within India,"113,092"
State - GOA (30),Within the state of enumeration but outside the place of enumeration,"39,402"
State - GOA (30),Elsewhere in the district of enumeration,"30,837"
State - GOA (30),In other districts of the state of enumeration,"8,565"
State - GOA (30),States in India beyond the state of enumeration,"73,690"
State - GOA (30),Jammu & Kashmir,161
State - GOA (30),Himachal Pradesh,114
State - GOA (30),Punjab,232
State - GOA (30),Chandigarh,21
State - GOA (30),Uttarakhand,210
State - GOA (30),Haryana,189
State - GOA (30),NCT of Delhi,678
State - GOA (30),Rajasthan,"1,254"
State - GOA (30),Uttar Pradesh,"8,509"
State - GOA (30),Bihar,"3,753"
State - GOA (30),Sikkim,10
State - GOA (30),Arunachal Pradesh,5
State - GOA (30),Nagaland,29
State - GOA (30),Manipur,137
State - GOA (30),Mizoram,8
State - GOA (30),Tripura,11
State - GOA (30),Meghalaya,14
State - GOA (30),Assam,954
State - GOA (30),West Bengal,"2,662"
State - GOA (30),Jharkhand,"2,208"
State - GOA (30),Odisha,"2,643"
State - GOA (30),Chhattisgarh,423
State - GOA (30),Madhya Pradesh,978
State - GOA (30),Gujarat,701
State - GOA (30),Daman & Diu,60
State - GOA (30),Dadra & Nagar Haveli,3
State - GOA (30),Maharashtra,"13,081"
State - GOA (30),Andhra Pradesh,"1,453"
State - GOA (30),Karnataka,"29,884"
State - GOA (30),Goa,0
State - GOA (30),Lakshadweep,4
State - GOA (30),Kerala,"2,125"
State - GOA (30),Tamil Nadu,"1,102"
State - GOA (30),Puducherry,16
State - GOA (30),Andaman & Nicobar Islands,58
State - GOA (30),Last residence outside India,"2,285"
State - GOA (30),Countries in Asia beyond India,"1,712"
State - GOA (30),Other Countries,573
State - GOA (30),Unclassifiable,493
State - LAKSHADWEEP (31),Total,"6,135"
State - LAKSHADWEEP (31),Last residence within India,"6,099"
State - LAKSHADWEEP (31),Within the state of enumeration but outside the place of enumeration,"3,840"
State - LAKSHADWEEP (31),Elsewhere in the district of enumeration,"3,840"
State - LAKSHADWEEP (31),In other districts of the state of enumeration,0
State - LAKSHADWEEP (31),States in India beyond the state of enumeration,"2,259"
State - LAKSHADWEEP (31),Jammu & Kashmir,2
State - LAKSHADWEEP (31),Himachal Pradesh,0
State - LAKSHADWEEP (31),Punjab,2
State - LAKSHADWEEP (31),Chandigarh,0
State - LAKSHADWEEP (31),Uttarakhand,2
State - LAKSHADWEEP (31),Haryana,1
State - LAKSHADWEEP (31),NCT of Delhi,16
State - LAKSHADWEEP (31),Rajasthan,5
State - LAKSHADWEEP (31),Uttar Pradesh,4
State - LAKSHADWEEP (31),Bihar,10
State - LAKSHADWEEP (31),Sikkim,0
State - LAKSHADWEEP (31),Arunachal Pradesh,3
State - LAKSHADWEEP (31),Nagaland,0
State - LAKSHADWEEP (31),Manipur,0
State - LAKSHADWEEP (31),Mizoram,1
State - LAKSHADWEEP (31),Tripura,1
State - LAKSHADWEEP (31),Meghalaya,0
State - LAKSHADWEEP (31),Assam,4
State - LAKSHADWEEP (31),West Bengal,104
State - LAKSHADWEEP (31),Jharkhand,1
State - LAKSHADWEEP (31),Odisha,15
State - LAKSHADWEEP (31),Chhattisgarh,2
State - LAKSHADWEEP (31),Madhya Pradesh,18
State - LAKSHADWEEP (31),Gujarat,37
State - LAKSHADWEEP (31),Daman & Diu,39
State - LAKSHADWEEP (31),Dadra & Nagar Haveli,69
State - LAKSHADWEEP (31),Maharashtra,85
State - LAKSHADWEEP (31),Andhra Pradesh,28
State - LAKSHADWEEP (31),Karnataka,28
State - LAKSHADWEEP (31),Goa,3
State - LAKSHADWEEP (31),Lakshadweep,0
State - LAKSHADWEEP (31),Kerala,"1,513"
State - LAKSHADWEEP (31),Tamil Nadu,250
State - LAKSHADWEEP (31),Puducherry,2
State - LAKSHADWEEP (31),Andaman & Nicobar Islands,14
State - LAKSHADWEEP (31),Last residence outside India,27
State - LAKSHADWEEP (31),Countries in Asia beyond India,5
State - LAKSHADWEEP (31),Other Countries,22
State - LAKSHADWEEP (31),Unclassifiable,9
State - KERALA (32),Total,"713,934"
State - KERALA (32),Last residence within India,"691,515"
State - KERALA (32),Within the state of enumeration but outside the place of enumeration,"536,766"
State - KERALA (32),Elsewhere in the district of enumeration,"297,206"
State - KERALA (32),In other districts of the state of enumeration,"239,560"
State - KERALA (32),States in India beyond the state of enumeration,"154,749"
State - KERALA (32),Jammu & Kashmir,454
State - KERALA (32),Himachal Pradesh,85
State - KERALA (32),Punjab,488
State - KERALA (32),Chandigarh,79
State - KERALA (32),Uttarakhand,139
State - KERALA (32),Haryana,300
State - KERALA (32),NCT of Delhi,"2,482"
State - KERALA (32),Rajasthan,"2,268"
State - KERALA (32),Uttar Pradesh,"4,402"
State - KERALA (32),Bihar,"4,875"
State - KERALA (32),Sikkim,40
State - KERALA (32),Arunachal Pradesh,94
State - KERALA (32),Nagaland,211
State - KERALA (32),Manipur,104
State - KERALA (32),Mizoram,24
State - KERALA (32),Tripura,57
State - KERALA (32),Meghalaya,78
State - KERALA (32),Assam,"5,780"
State - KERALA (32),West Bengal,"22,318"
State - KERALA (32),Jharkhand,"1,339"
State - KERALA (32),Odisha,"7,777"
State - KERALA (32),Chhattisgarh,497
State - KERALA (32),Madhya Pradesh,"1,339"
State - KERALA (32),Gujarat,"1,482"
State - KERALA (32),Daman & Diu,12
State - KERALA (32),Dadra & Nagar Haveli,7
State - KERALA (32),Maharashtra,"6,865"
State - KERALA (32),Andhra Pradesh,"4,062"
State - KERALA (32),Karnataka,"12,794"
State - KERALA (32),Goa,357
State - KERALA (32),Lakshadweep,316
State - KERALA (32),Kerala,0
State - KERALA (32),Tamil Nadu,"72,899"
State - KERALA (32),Puducherry,490
State - KERALA (32),Andaman & Nicobar Islands,235
State - KERALA (32),Last residence outside India,"22,107"
State - KERALA (32),Countries in Asia beyond India,"20,236"
State - KERALA (32),Other Countries,"1,871"
State - KERALA (32),Unclassifiable,312
State - TAMIL NADU (33),Total,"3,487,974"
State - TAMIL NADU (33),Last residence within India,"3,453,258"
State - TAMIL NADU (33),Within the state of enumeration but outside the place of enumeration,"3,190,173"
State - TAMIL NADU (33),Elsewhere in the district of enumeration,"1,579,575"
State - TAMIL NADU (33),In other districts of the state of enumeration,"1,610,598"
State - TAMIL NADU (33),States in India beyond the state of enumeration,"263,085"
State - TAMIL NADU (33),Jammu & Kashmir,955
State - TAMIL NADU (33),Himachal Pradesh,146
State - TAMIL NADU (33),Punjab,"1,151"
State - TAMIL NADU (33),Chandigarh,187
State - TAMIL NADU (33),Uttarakhand,218
State - TAMIL NADU (33),Haryana,"1,002"
State - TAMIL NADU (33),NCT of Delhi,"2,909"
State - TAMIL NADU (33),Rajasthan,"16,683"
State - TAMIL NADU (33),Uttar Pradesh,"7,911"
State - TAMIL NADU (33),Bihar,"10,905"
State - TAMIL NADU (33),Sikkim,40
State - TAMIL NADU (33),Arunachal Pradesh,74
State - TAMIL NADU (33),Nagaland,116
State - TAMIL NADU (33),Manipur,243
State - TAMIL NADU (33),Mizoram,25
State - TAMIL NADU (33),Tripura,84
State - TAMIL NADU (33),Meghalaya,90
State - TAMIL NADU (33),Assam,"3,198"
State - TAMIL NADU (33),West Bengal,"9,454"
State - TAMIL NADU (33),Jharkhand,"2,336"
State - TAMIL NADU (33),Odisha,"11,580"
State - TAMIL NADU (33),Chhattisgarh,486
State - TAMIL NADU (33),Madhya Pradesh,"2,208"
State - TAMIL NADU (33),Gujarat,"3,685"
State - TAMIL NADU (33),Daman & Diu,12
State - TAMIL NADU (33),Dadra & Nagar Haveli,22
State - TAMIL NADU (33),Maharashtra,"14,884"
State - TAMIL NADU (33),Andhra Pradesh,"44,312"
State - TAMIL NADU (33),Karnataka,"38,357"
State - TAMIL NADU (33),Goa,364
State - TAMIL NADU (33),Lakshadweep,11
State - TAMIL NADU (33),Kerala,"77,955"
State - TAMIL NADU (33),Tamil Nadu,0
State - TAMIL NADU (33),Puducherry,"10,732"
State - TAMIL NADU (33),Andaman & Nicobar Islands,750
State - TAMIL NADU (33),Last residence outside India,"34,488"
State - TAMIL NADU (33),Countries in Asia beyond India,"28,979"
State - TAMIL NADU (33),Other Countries,"5,509"
State - TAMIL NADU (33),Unclassifiable,228
State - PUDUCHERRY (34),Total,"70,721"
State - PUDUCHERRY (34),Last residence within India,"69,851"
State - PUDUCHERRY (34),Within the state of enumeration but outside the place of enumeration,"18,890"
State - PUDUCHERRY (34),Elsewhere in the district of enumeration,"16,085"
State - PUDUCHERRY (34),In other districts of the state of enumeration,"2,805"
State - PUDUCHERRY (34),States in India beyond the state of enumeration,"50,961"
State - PUDUCHERRY (34),Jammu & Kashmir,22
State - PUDUCHERRY (34),Himachal Pradesh,12
State - PUDUCHERRY (34),Punjab,37
State - PUDUCHERRY (34),Chandigarh,6
State - PUDUCHERRY (34),Uttarakhand,21
State - PUDUCHERRY (34),Haryana,27
State - PUDUCHERRY (34),NCT of Delhi,200
State - PUDUCHERRY (34),Rajasthan,222
State - PUDUCHERRY (34),Uttar Pradesh,249
State - PUDUCHERRY (34),Bihar,175
State - PUDUCHERRY (34),Sikkim,1
State - PUDUCHERRY (34),Arunachal Pradesh,6
State - PUDUCHERRY (34),Nagaland,5
State - PUDUCHERRY (34),Manipur,3
State - PUDUCHERRY (34),Mizoram,1
State - PUDUCHERRY (34),Tripura,10
State - PUDUCHERRY (34),Meghalaya,10
State - PUDUCHERRY (34),Assam,86
State - PUDUCHERRY (34),West Bengal,282
State - PUDUCHERRY (34),Jharkhand,21
State - PUDUCHERRY (34),Odisha,629
State - PUDUCHERRY (34),Chhattisgarh,3
State - PUDUCHERRY (34),Madhya Pradesh,34
State - PUDUCHERRY (34),Gujarat,343
State - PUDUCHERRY (34),Daman & Diu,0
State - PUDUCHERRY (34),Dadra & Nagar Haveli,0
State - PUDUCHERRY (34),Maharashtra,364
State - PUDUCHERRY (34),Andhra Pradesh,"6,008"
State - PUDUCHERRY (34),Karnataka,591
State - PUDUCHERRY (34),Goa,25
State - PUDUCHERRY (34),Lakshadweep,3
State - PUDUCHERRY (34),Kerala,"1,292"
State - PUDUCHERRY (34),Tamil Nadu,"40,250"
State - PUDUCHERRY (34),Puducherry,0
State - PUDUCHERRY (34),Andaman & Nicobar Islands,23
State - PUDUCHERRY (34),Last residence outside India,849
State - PUDUCHERRY (34),Countries in Asia beyond India,637
State - PUDUCHERRY (34),Other Countries,212
State - PUDUCHERRY (34),Unclassifiable,21
State - ANDAMAN & NICOBAR ISLANDS (35),Total,"52,129"
State - ANDAMAN & NICOBAR ISLANDS (35),Last residence within India,"51,500"
State - ANDAMAN & NICOBAR ISLANDS (35),Within the state of enumeration but outside the place of enumeration,"23,777"
State - ANDAMAN & NICOBAR ISLANDS (35),Elsewhere in the district of enumeration,"13,488"
State - ANDAMAN & NICOBAR ISLANDS (35),In other districts of the state of enumeration,"10,289"
State - ANDAMAN & NICOBAR ISLANDS (35),States in India beyond the state of enumeration,"27,723"
State - ANDAMAN & NICOBAR ISLANDS (35),Jammu & Kashmir,16
State - ANDAMAN & NICOBAR ISLANDS (35),Himachal Pradesh,15
State - ANDAMAN & NICOBAR ISLANDS (35),Punjab,83
State - ANDAMAN & NICOBAR ISLANDS (35),Chandigarh,17
State - ANDAMAN & NICOBAR ISLANDS (35),Uttarakhand,32
State - ANDAMAN & NICOBAR ISLANDS (35),Haryana,38
State - ANDAMAN & NICOBAR ISLANDS (35),NCT of Delhi,118
State - ANDAMAN & NICOBAR ISLANDS (35),Rajasthan,61
State - ANDAMAN & NICOBAR ISLANDS (35),Uttar Pradesh,761
State - ANDAMAN & NICOBAR ISLANDS (35),Bihar,646
State - ANDAMAN & NICOBAR ISLANDS (35),Sikkim,5
State - ANDAMAN & NICOBAR ISLANDS (35),Arunachal Pradesh,5
State - ANDAMAN & NICOBAR ISLANDS (35),Nagaland,9
State - ANDAMAN & NICOBAR ISLANDS (35),Manipur,6
State - ANDAMAN & NICOBAR ISLANDS (35),Mizoram,1
State - ANDAMAN & NICOBAR ISLANDS (35),Tripura,40
State - ANDAMAN & NICOBAR ISLANDS (35),Meghalaya,3
State - ANDAMAN & NICOBAR ISLANDS (35),Assam,142
State - ANDAMAN & NICOBAR ISLANDS (35),West Bengal,"8,676"
State - ANDAMAN & NICOBAR ISLANDS (35),Jharkhand,"3,074"
State - ANDAMAN & NICOBAR ISLANDS (35),Odisha,444
State - ANDAMAN & NICOBAR ISLANDS (35),Chhattisgarh,820
State - ANDAMAN & NICOBAR ISLANDS (35),Madhya Pradesh,147
State - ANDAMAN & NICOBAR ISLANDS (35),Gujarat,38
State - ANDAMAN & NICOBAR ISLANDS (35),Daman & Diu,1
State - ANDAMAN & NICOBAR ISLANDS (35),Dadra & Nagar Haveli,0
State - ANDAMAN & NICOBAR ISLANDS (35),Maharashtra,172
State - ANDAMAN & NICOBAR ISLANDS (35),Andhra Pradesh,"4,861"
State - ANDAMAN & NICOBAR ISLANDS (35),Karnataka,130
State - ANDAMAN & NICOBAR ISLANDS (35),Goa,34
State - ANDAMAN & NICOBAR ISLANDS (35),Lakshadweep,12
State - ANDAMAN & NICOBAR ISLANDS (35),Kerala,"1,443"
State - ANDAMAN & NICOBAR ISLANDS (35),Tamil Nadu,"5,855"
State - ANDAMAN & NICOBAR ISLANDS (35),Puducherry,18
State - ANDAMAN & NICOBAR ISLANDS (35),Andaman & Nicobar Islands,0
State - ANDAMAN & NICOBAR ISLANDS (35),Last residence outside India,616
State - ANDAMAN & NICOBAR ISLANDS (35),Countries in Asia beyond India,584
State - ANDAMAN & NICOBAR ISLANDS (35),Other Countries,32
State - ANDAMAN & NICOBAR ISLANDS (35),Unclassifiable,13